Sample in Buffer,Sample in Window,TRIGGER,dut/design_1_i/Vac_debug_valid,dut/design_1_i/isen_debug_decimal_out[15:0],dut/design_1_i/Vbus_debug_decimal_out[15:0],dut/design_1_i/Vac_debug_decimal_out[15:0]
Radix - UNSIGNED,UNSIGNED,UNSIGNED,HEX,SIGNED,SIGNED,SIGNED
0,0,0,0,48,0,3
1,1,0,0,48,0,3
2,2,0,0,48,0,3
3,3,0,0,48,0,3
4,4,0,0,48,0,3
5,5,0,0,48,0,3
6,6,0,0,48,0,3
7,7,0,0,48,0,3
8,8,0,0,48,0,3
9,9,0,0,48,0,3
10,10,0,0,48,0,3
11,11,0,0,48,0,3
12,12,0,0,48,0,3
13,13,0,0,48,0,3
14,14,0,0,48,0,3
15,15,0,0,48,0,3
16,16,0,0,48,0,3
17,17,0,0,48,0,3
18,18,0,0,48,0,3
19,19,0,0,48,0,3
20,20,0,0,48,0,3
21,21,0,0,48,0,3
22,22,0,0,48,0,3
23,23,0,0,48,0,3
24,24,0,0,48,0,3
25,25,0,0,48,0,3
26,26,0,0,48,0,3
27,27,0,0,48,0,3
28,28,0,0,48,0,3
29,29,0,0,48,0,3
30,30,0,0,48,0,3
31,31,0,0,48,0,3
32,32,0,0,48,0,3
33,33,0,0,48,0,3
34,34,0,0,48,0,3
35,35,0,0,48,0,3
36,36,0,0,48,0,3
37,37,0,0,48,0,3
38,38,0,0,48,0,3
39,39,0,0,48,0,3
40,40,0,0,48,0,3
41,41,0,0,48,0,3
42,42,0,0,48,0,3
43,43,0,0,48,0,3
44,44,0,0,48,0,3
45,45,0,0,48,0,3
46,46,0,0,48,0,3
47,47,0,0,48,0,3
48,48,0,0,48,0,3
49,49,0,0,48,0,3
50,50,0,0,48,0,3
51,51,0,0,48,0,3
52,52,0,0,48,0,3
53,53,0,0,48,0,3
54,54,0,0,48,0,3
55,55,0,0,48,0,3
56,56,0,0,48,0,3
57,57,0,0,48,0,3
58,58,0,0,48,0,3
59,59,0,0,48,0,3
60,60,0,0,48,0,3
61,61,0,0,48,0,3
62,62,0,0,48,0,3
63,63,0,0,48,0,3
64,64,0,0,48,0,3
65,65,0,0,48,0,3
66,66,0,0,48,0,3
67,67,0,0,48,0,3
68,68,0,0,48,0,3
69,69,0,0,48,0,3
70,70,0,0,48,0,3
71,71,0,0,48,0,3
72,72,0,0,48,0,3
73,73,0,0,48,0,3
74,74,0,0,48,0,3
75,75,0,0,48,0,3
76,76,0,0,48,0,3
77,77,0,0,48,0,3
78,78,0,0,48,0,3
79,79,0,0,48,0,3
80,80,0,0,48,0,3
81,81,0,0,48,0,3
82,82,0,0,48,0,3
83,83,0,0,48,0,3
84,84,0,0,48,0,3
85,85,0,0,48,0,3
86,86,0,0,48,0,3
87,87,0,0,48,0,3
88,88,0,0,48,0,3
89,89,0,0,48,0,3
90,90,0,0,48,0,3
91,91,0,0,48,0,3
92,92,0,0,48,0,3
93,93,0,0,48,0,3
94,94,0,0,48,0,3
95,95,0,0,48,0,3
96,96,0,0,48,0,3
97,97,0,0,48,0,3
98,98,0,0,48,0,3
99,99,0,0,48,0,3
100,100,0,0,48,0,3
101,101,0,0,48,0,3
102,102,0,0,48,0,3
103,103,0,0,48,0,3
104,104,0,0,48,0,3
105,105,0,0,48,0,3
106,106,0,0,48,0,3
107,107,0,0,48,0,3
108,108,0,0,48,0,3
109,109,0,0,48,0,3
110,110,0,0,48,0,3
111,111,0,0,48,0,3
112,112,0,0,48,0,3
113,113,0,0,48,0,3
114,114,0,0,48,0,3
115,115,0,0,48,0,3
116,116,0,0,48,0,3
117,117,0,0,48,0,3
118,118,0,0,48,0,3
119,119,0,0,48,0,3
120,120,0,0,48,0,3
121,121,0,0,48,0,3
122,122,0,0,48,0,3
123,123,0,0,48,0,3
124,124,0,0,48,0,3
125,125,0,0,48,0,3
126,126,0,0,48,0,3
127,127,0,0,48,0,3
128,128,0,0,48,0,3
129,129,0,0,48,0,3
130,130,0,0,48,0,3
131,131,0,0,48,0,3
132,132,0,0,48,0,3
133,133,0,0,48,0,3
134,134,0,0,48,0,3
135,135,0,0,48,0,3
136,136,0,0,48,0,3
137,137,0,0,48,0,3
138,138,0,0,48,0,3
139,139,0,0,48,0,3
140,140,0,0,48,0,3
141,141,0,0,48,0,3
142,142,0,0,48,0,3
143,143,0,0,48,0,3
144,144,0,0,48,0,3
145,145,0,0,48,0,3
146,146,0,0,48,0,3
147,147,0,0,48,0,3
148,148,0,0,48,0,3
149,149,0,0,48,0,3
150,150,0,0,48,0,3
151,151,0,0,48,0,3
152,152,0,0,48,0,3
153,153,0,0,48,0,3
154,154,0,0,48,0,3
155,155,0,0,48,0,3
156,156,0,0,48,0,3
157,157,0,0,48,0,3
158,158,0,0,48,0,3
159,159,0,0,48,0,3
160,160,0,0,48,0,3
161,161,0,0,48,0,3
162,162,0,0,48,0,3
163,163,0,0,48,0,3
164,164,0,0,48,0,3
165,165,0,0,48,0,3
166,166,0,0,48,0,3
167,167,0,0,48,0,3
168,168,0,0,48,0,3
169,169,0,0,48,0,3
170,170,0,0,48,0,3
171,171,0,0,48,0,3
172,172,0,0,48,0,3
173,173,0,0,48,0,3
174,174,0,0,48,0,3
175,175,0,0,48,0,3
176,176,0,0,48,0,3
177,177,0,0,48,0,3
178,178,0,0,48,0,3
179,179,0,0,48,0,3
180,180,0,0,48,0,3
181,181,0,0,48,0,3
182,182,0,0,48,0,3
183,183,0,0,48,0,3
184,184,0,0,48,0,3
185,185,0,0,48,0,3
186,186,0,0,48,0,3
187,187,0,0,48,0,3
188,188,0,0,48,0,3
189,189,0,0,48,0,3
190,190,0,0,48,0,3
191,191,0,0,48,0,3
192,192,0,0,48,0,3
193,193,0,0,48,0,3
194,194,0,0,48,0,3
195,195,0,0,48,0,3
196,196,0,0,48,0,3
197,197,0,0,48,0,3
198,198,0,0,48,0,3
199,199,0,0,48,0,3
200,200,0,0,48,0,3
201,201,0,0,48,0,3
202,202,0,0,48,0,3
203,203,0,0,48,0,3
204,204,0,0,48,0,3
205,205,0,0,48,0,3
206,206,0,0,48,0,3
207,207,0,0,48,0,3
208,208,0,0,48,0,3
209,209,0,0,48,0,3
210,210,0,0,48,0,3
211,211,0,0,48,0,3
212,212,0,0,48,0,3
213,213,0,0,48,0,3
214,214,0,0,48,0,3
215,215,0,0,48,0,3
216,216,0,0,48,0,3
217,217,0,0,48,0,3
218,218,0,0,48,0,3
219,219,0,0,48,0,3
220,220,0,0,48,0,3
221,221,0,0,48,0,3
222,222,0,0,48,0,3
223,223,0,0,48,0,3
224,224,0,0,48,0,3
225,225,0,0,48,0,3
226,226,0,0,48,0,3
227,227,0,0,48,0,3
228,228,0,0,48,0,3
229,229,0,0,48,0,3
230,230,0,0,48,0,3
231,231,0,0,48,0,3
232,232,0,0,48,0,3
233,233,0,0,48,0,3
234,234,0,0,48,0,3
235,235,0,0,48,0,3
236,236,0,0,48,0,3
237,237,0,0,48,0,3
238,238,0,0,48,0,3
239,239,0,0,48,0,3
240,240,0,0,48,0,3
241,241,0,0,48,0,3
242,242,0,0,48,0,3
243,243,0,0,48,0,3
244,244,0,0,48,0,3
245,245,0,0,48,0,3
246,246,0,0,48,0,3
247,247,0,0,48,0,3
248,248,0,0,48,0,3
249,249,0,0,48,0,3
250,250,0,0,48,0,3
251,251,0,0,48,0,3
252,252,0,0,48,0,3
253,253,0,0,48,0,3
254,254,0,0,48,0,3
255,255,0,0,48,0,3
256,256,0,0,48,0,3
257,257,0,0,48,0,3
258,258,0,0,48,0,3
259,259,0,0,48,0,3
260,260,0,0,48,0,3
261,261,0,0,48,0,3
262,262,0,0,48,0,3
263,263,0,0,48,0,3
264,264,0,0,48,0,3
265,265,0,0,48,0,3
266,266,0,0,48,0,3
267,267,0,0,48,0,3
268,268,0,0,48,0,3
269,269,0,0,48,0,3
270,270,0,0,48,0,3
271,271,0,0,48,0,3
272,272,0,0,48,0,3
273,273,0,0,48,0,3
274,274,0,0,48,0,3
275,275,0,0,48,0,3
276,276,0,0,48,0,3
277,277,0,0,48,0,3
278,278,0,0,48,0,3
279,279,0,0,48,0,3
280,280,0,0,48,0,3
281,281,0,0,48,0,3
282,282,0,0,48,0,3
283,283,0,0,48,0,3
284,284,0,0,48,0,3
285,285,0,0,48,0,3
286,286,0,0,48,0,3
287,287,0,0,48,0,3
288,288,0,0,48,0,3
289,289,0,0,48,0,3
290,290,0,0,48,0,3
291,291,0,0,48,0,3
292,292,0,0,48,0,3
293,293,0,0,48,0,3
294,294,0,0,48,0,3
295,295,0,0,48,0,3
296,296,0,0,48,0,3
297,297,0,0,48,0,3
298,298,0,0,48,0,3
299,299,0,0,48,0,3
300,300,0,0,48,0,3
301,301,0,0,48,0,3
302,302,0,0,48,0,3
303,303,0,0,48,0,3
304,304,0,0,48,0,3
305,305,0,0,48,0,3
306,306,0,0,48,0,3
307,307,0,0,48,0,3
308,308,0,0,48,0,3
309,309,0,0,48,0,3
310,310,0,0,48,0,3
311,311,0,0,48,0,3
312,312,0,0,48,0,3
313,313,0,0,48,0,3
314,314,0,0,48,0,3
315,315,0,0,48,0,3
316,316,0,0,48,0,3
317,317,0,0,48,0,3
318,318,0,0,48,0,3
319,319,0,0,48,0,3
320,320,0,0,48,0,3
321,321,0,0,48,0,3
322,322,0,0,48,0,3
323,323,0,0,48,0,3
324,324,0,0,48,0,3
325,325,0,0,48,0,3
326,326,0,0,48,0,3
327,327,0,0,48,0,3
328,328,0,0,48,0,3
329,329,0,0,48,0,3
330,330,0,0,48,0,3
331,331,0,0,48,0,3
332,332,0,0,48,0,3
333,333,0,0,48,0,3
334,334,0,0,48,0,3
335,335,0,0,48,0,3
336,336,0,0,48,0,3
337,337,0,0,48,0,3
338,338,0,0,48,0,3
339,339,0,0,48,0,3
340,340,0,0,48,0,3
341,341,0,0,48,0,3
342,342,0,0,48,0,3
343,343,0,0,48,0,3
344,344,0,0,48,0,3
345,345,0,0,48,0,3
346,346,0,0,48,0,3
347,347,0,0,48,0,3
348,348,0,0,48,0,3
349,349,0,0,48,0,3
350,350,0,0,48,0,3
351,351,0,0,48,0,3
352,352,0,0,48,0,3
353,353,0,0,48,0,3
354,354,0,0,48,0,3
355,355,0,0,48,0,3
356,356,0,0,48,0,3
357,357,0,0,48,0,3
358,358,0,0,48,0,3
359,359,0,0,48,0,3
360,360,0,0,48,0,3
361,361,0,0,48,0,3
362,362,0,0,48,0,3
363,363,0,0,48,0,3
364,364,0,0,48,0,3
365,365,0,0,48,0,3
366,366,0,0,48,0,3
367,367,0,0,48,0,3
368,368,0,0,48,0,3
369,369,0,0,48,0,3
370,370,0,0,48,0,3
371,371,0,0,48,0,3
372,372,0,0,48,0,3
373,373,0,0,48,0,3
374,374,0,0,48,0,3
375,375,0,0,48,0,3
376,376,0,0,48,0,3
377,377,0,0,48,0,3
378,378,0,0,48,0,3
379,379,0,0,48,0,3
380,380,0,0,48,0,3
381,381,0,0,48,0,3
382,382,0,0,48,0,3
383,383,0,0,48,0,3
384,384,0,0,48,0,3
385,385,0,0,48,0,3
386,386,0,0,48,0,3
387,387,0,0,48,0,3
388,388,0,0,48,0,3
389,389,0,0,48,0,3
390,390,0,0,48,0,3
391,391,0,0,48,0,3
392,392,0,0,48,0,3
393,393,0,0,48,0,3
394,394,0,0,48,0,3
395,395,0,0,48,0,3
396,396,0,0,48,0,3
397,397,0,0,48,0,3
398,398,0,0,48,0,3
399,399,0,0,48,0,3
400,400,0,0,48,0,3
401,401,0,0,48,0,3
402,402,0,0,48,0,3
403,403,0,0,48,0,3
404,404,0,0,48,0,3
405,405,0,0,48,0,3
406,406,0,0,48,0,3
407,407,0,0,48,0,3
408,408,0,0,48,0,3
409,409,0,0,48,0,3
410,410,0,0,48,0,3
411,411,0,0,48,0,3
412,412,0,0,48,0,3
413,413,0,0,48,0,3
414,414,0,0,48,0,3
415,415,0,0,48,0,3
416,416,0,0,48,0,3
417,417,0,0,48,0,3
418,418,0,0,48,0,3
419,419,0,0,48,0,3
420,420,0,0,48,0,3
421,421,0,0,48,0,3
422,422,0,0,48,0,3
423,423,0,0,48,0,3
424,424,0,0,48,0,3
425,425,0,0,48,0,3
426,426,0,0,48,0,3
427,427,0,0,48,0,3
428,428,0,0,48,0,3
429,429,0,0,48,0,3
430,430,0,0,48,0,3
431,431,0,0,48,0,3
432,432,0,0,48,0,3
433,433,0,0,48,0,3
434,434,0,0,48,0,3
435,435,0,0,48,0,3
436,436,0,0,48,0,3
437,437,0,0,48,0,3
438,438,0,0,48,0,3
439,439,0,0,48,0,3
440,440,0,0,48,0,3
441,441,0,0,48,0,3
442,442,0,0,48,0,3
443,443,0,0,48,0,3
444,444,0,0,48,0,3
445,445,0,0,48,0,3
446,446,0,0,48,0,3
447,447,0,0,48,0,3
448,448,0,0,48,0,3
449,449,0,0,48,0,3
450,450,0,0,48,0,3
451,451,0,0,48,0,3
452,452,0,0,48,0,3
453,453,0,0,48,0,3
454,454,0,0,48,0,3
455,455,0,0,48,0,3
456,456,0,0,48,0,3
457,457,0,0,48,0,3
458,458,0,0,48,0,3
459,459,0,0,48,0,3
460,460,0,0,48,0,3
461,461,0,0,48,0,3
462,462,0,0,48,0,3
463,463,0,0,48,0,3
464,464,0,0,48,0,3
465,465,0,0,48,0,3
466,466,0,0,48,0,3
467,467,0,0,48,0,3
468,468,0,0,48,0,3
469,469,0,0,48,0,3
470,470,0,0,48,0,3
471,471,0,0,48,0,3
472,472,0,0,48,0,3
473,473,0,0,48,0,3
474,474,0,0,48,0,3
475,475,0,0,48,0,3
476,476,0,0,48,0,3
477,477,0,0,48,0,3
478,478,0,0,48,0,3
479,479,0,0,48,0,3
480,480,0,0,48,0,3
481,481,0,0,48,0,3
482,482,0,0,48,0,3
483,483,0,0,48,0,3
484,484,0,0,48,0,3
485,485,0,0,48,0,3
486,486,0,0,48,0,3
487,487,0,0,48,0,3
488,488,0,0,48,0,3
489,489,0,0,48,0,3
490,490,0,0,48,0,3
491,491,0,0,48,0,3
492,492,0,0,48,0,3
493,493,0,0,48,0,3
494,494,0,0,48,0,3
495,495,0,0,48,0,3
496,496,0,0,48,0,3
497,497,0,0,48,0,3
498,498,0,0,48,0,3
499,499,0,0,48,0,3
500,500,0,0,48,0,3
501,501,0,0,48,0,3
502,502,0,0,48,0,3
503,503,0,0,48,0,3
504,504,0,0,48,0,3
505,505,0,0,48,0,3
506,506,0,0,48,0,3
507,507,0,0,48,0,3
508,508,0,0,48,0,3
509,509,0,0,48,0,3
510,510,0,0,48,0,3
511,511,0,0,48,0,3
512,512,1,0,48,0,3
513,513,0,0,48,0,3
514,514,0,0,48,0,3
515,515,0,0,48,0,3
516,516,0,0,48,0,3
517,517,0,0,48,0,3
518,518,0,0,48,0,3
519,519,0,0,48,0,3
520,520,0,0,48,0,3
521,521,0,0,48,0,3
522,522,0,0,48,0,3
523,523,0,0,48,0,3
524,524,0,0,48,0,3
525,525,0,0,48,0,3
526,526,0,0,48,0,3
527,527,0,0,48,0,3
528,528,0,0,48,0,3
529,529,0,0,48,0,3
530,530,0,0,48,0,3
531,531,0,0,48,0,3
532,532,0,0,48,0,3
533,533,0,0,48,0,3
534,534,0,0,48,0,3
535,535,0,0,48,0,3
536,536,0,0,48,0,3
537,537,0,0,48,0,3
538,538,0,0,48,0,3
539,539,0,0,48,0,3
540,540,0,0,48,0,3
541,541,0,0,48,0,3
542,542,0,0,48,0,3
543,543,0,0,48,0,3
544,544,0,0,48,0,3
545,545,0,0,48,0,3
546,546,0,0,48,0,3
547,547,0,0,48,0,3
548,548,0,0,48,0,3
549,549,0,0,48,0,3
550,550,0,0,48,0,3
551,551,0,0,48,0,3
552,552,0,0,48,0,3
553,553,0,0,48,0,3
554,554,0,0,48,0,3
555,555,0,0,48,0,3
556,556,0,0,48,0,3
557,557,0,0,48,0,3
558,558,0,0,48,0,3
559,559,0,0,48,0,3
560,560,0,0,48,0,3
561,561,0,0,48,0,3
562,562,0,0,48,0,3
563,563,0,0,48,0,3
564,564,0,0,48,0,3
565,565,0,0,48,0,3
566,566,0,0,48,0,3
567,567,0,0,48,0,3
568,568,0,0,48,0,3
569,569,0,0,48,0,3
570,570,0,0,48,0,3
571,571,0,0,48,0,3
572,572,0,0,48,0,3
573,573,0,0,48,0,3
574,574,0,0,48,0,3
575,575,0,0,48,0,3
576,576,0,0,48,0,3
577,577,0,0,48,0,3
578,578,0,0,48,0,3
579,579,0,0,48,0,3
580,580,0,0,48,0,3
581,581,0,0,48,0,3
582,582,0,0,48,0,3
583,583,0,0,48,0,3
584,584,0,0,48,0,3
585,585,0,0,48,0,3
586,586,0,0,48,0,3
587,587,0,0,48,0,3
588,588,0,0,48,0,3
589,589,0,0,48,0,3
590,590,0,0,48,0,3
591,591,0,0,48,0,3
592,592,0,0,48,0,3
593,593,0,0,48,0,3
594,594,0,0,48,0,3
595,595,0,0,48,0,3
596,596,0,0,48,0,3
597,597,0,0,48,0,3
598,598,0,0,48,0,3
599,599,0,0,48,0,3
600,600,0,0,48,0,3
601,601,0,0,48,0,3
602,602,0,0,48,0,3
603,603,0,0,48,0,3
604,604,0,0,48,0,3
605,605,0,0,48,0,3
606,606,0,0,48,0,3
607,607,0,0,48,0,3
608,608,0,0,48,0,3
609,609,0,0,48,0,3
610,610,0,0,48,0,3
611,611,0,0,48,0,3
612,612,0,0,48,0,3
613,613,0,0,48,0,3
614,614,0,0,48,0,3
615,615,0,0,48,0,3
616,616,0,0,48,0,3
617,617,0,0,48,0,3
618,618,0,0,48,0,3
619,619,0,0,48,0,3
620,620,0,0,48,0,3
621,621,0,0,48,0,3
622,622,0,0,48,0,3
623,623,0,0,48,0,3
624,624,0,0,48,0,3
625,625,0,0,48,0,3
626,626,0,0,48,0,3
627,627,0,0,48,0,3
628,628,0,0,48,0,3
629,629,0,0,48,0,3
630,630,0,0,48,0,3
631,631,0,0,48,0,3
632,632,0,0,48,0,3
633,633,0,0,48,0,3
634,634,0,0,48,0,3
635,635,0,0,48,0,3
636,636,0,0,48,0,3
637,637,0,0,48,0,3
638,638,0,0,48,0,3
639,639,0,0,48,0,3
640,640,0,0,48,0,3
641,641,0,0,48,0,3
642,642,0,0,48,0,3
643,643,0,0,48,0,3
644,644,0,0,48,0,3
645,645,0,0,48,0,3
646,646,0,0,48,0,3
647,647,0,0,48,0,3
648,648,0,0,48,0,3
649,649,0,0,48,0,3
650,650,0,0,48,0,3
651,651,0,0,48,0,3
652,652,0,0,48,0,3
653,653,0,0,48,0,3
654,654,0,0,48,0,3
655,655,0,0,48,0,3
656,656,0,0,48,0,3
657,657,0,0,48,0,3
658,658,0,0,48,0,3
659,659,0,0,48,0,3
660,660,0,0,48,0,3
661,661,0,0,48,0,3
662,662,0,0,48,0,3
663,663,0,0,48,0,3
664,664,0,0,48,0,3
665,665,0,0,48,0,3
666,666,0,0,48,0,3
667,667,0,0,48,0,3
668,668,0,0,48,0,3
669,669,0,0,48,0,3
670,670,0,0,48,0,3
671,671,0,0,48,0,3
672,672,0,0,48,0,3
673,673,0,0,48,0,3
674,674,0,0,48,0,3
675,675,0,0,48,0,3
676,676,0,0,48,0,3
677,677,0,0,48,0,3
678,678,0,0,48,0,3
679,679,0,0,48,0,3
680,680,0,0,48,0,3
681,681,0,0,48,0,3
682,682,0,0,48,0,3
683,683,0,0,48,0,3
684,684,0,0,48,0,3
685,685,0,0,48,0,3
686,686,0,0,48,0,3
687,687,0,0,48,0,3
688,688,0,0,48,0,3
689,689,0,0,48,0,3
690,690,0,0,48,0,3
691,691,0,0,48,0,3
692,692,0,0,48,0,3
693,693,0,0,48,0,3
694,694,0,0,48,0,3
695,695,0,0,48,0,3
696,696,0,0,48,0,3
697,697,0,0,48,0,3
698,698,0,0,48,0,3
699,699,0,0,48,0,3
700,700,0,0,48,0,3
701,701,0,0,48,0,3
702,702,0,0,48,0,3
703,703,0,0,48,0,3
704,704,0,0,48,0,3
705,705,0,0,48,0,3
706,706,0,0,48,0,3
707,707,0,0,48,0,3
708,708,0,0,48,0,3
709,709,0,0,48,0,3
710,710,0,0,48,0,3
711,711,0,0,48,0,3
712,712,0,0,48,0,3
713,713,0,0,48,0,3
714,714,0,0,48,0,3
715,715,0,0,48,0,3
716,716,0,0,48,0,3
717,717,0,0,48,0,3
718,718,0,0,48,0,3
719,719,0,0,48,0,3
720,720,0,0,48,0,3
721,721,0,0,48,0,3
722,722,0,0,48,0,3
723,723,0,0,48,0,3
724,724,0,0,48,0,3
725,725,0,0,48,0,3
726,726,0,0,48,0,3
727,727,0,0,48,0,3
728,728,0,0,48,0,3
729,729,0,0,48,0,3
730,730,0,0,48,0,3
731,731,0,0,48,0,3
732,732,0,0,48,0,3
733,733,0,0,48,0,3
734,734,0,0,48,0,3
735,735,0,0,48,0,3
736,736,0,0,48,0,3
737,737,0,0,48,0,3
738,738,0,0,48,0,3
739,739,0,0,48,0,3
740,740,0,0,48,0,3
741,741,0,0,48,0,3
742,742,0,0,48,0,3
743,743,0,0,48,0,3
744,744,0,0,48,0,3
745,745,0,0,48,0,3
746,746,0,0,48,0,3
747,747,0,0,48,0,3
748,748,0,0,48,0,3
749,749,0,0,48,0,3
750,750,0,0,48,0,3
751,751,0,0,48,0,3
752,752,0,0,48,0,3
753,753,0,0,48,0,3
754,754,0,0,48,0,3
755,755,0,0,48,0,3
756,756,0,0,48,0,3
757,757,0,0,48,0,3
758,758,0,0,48,0,3
759,759,0,0,48,0,3
760,760,0,0,48,0,3
761,761,0,0,48,0,3
762,762,0,0,48,0,3
763,763,0,0,48,0,3
764,764,0,0,48,0,3
765,765,0,0,48,0,3
766,766,0,0,48,0,3
767,767,0,0,48,0,3
768,768,0,0,48,0,3
769,769,0,0,48,0,3
770,770,0,0,48,0,3
771,771,0,0,48,0,3
772,772,0,0,48,0,3
773,773,0,0,48,0,3
774,774,0,0,48,0,3
775,775,0,0,48,0,3
776,776,0,0,48,0,3
777,777,0,0,48,0,3
778,778,0,0,48,0,3
779,779,0,0,48,0,3
780,780,0,0,48,0,3
781,781,0,0,48,0,3
782,782,0,0,48,0,3
783,783,0,0,48,0,3
784,784,0,0,48,0,3
785,785,0,0,48,0,3
786,786,0,0,48,0,3
787,787,0,0,48,0,3
788,788,0,0,48,0,3
789,789,0,0,48,0,3
790,790,0,0,48,0,3
791,791,0,0,48,0,3
792,792,0,0,48,0,3
793,793,0,0,48,0,3
794,794,0,0,48,0,3
795,795,0,0,48,0,3
796,796,0,0,48,0,3
797,797,0,0,48,0,3
798,798,0,0,48,0,3
799,799,0,0,48,0,3
800,800,0,0,48,0,3
801,801,0,0,48,0,3
802,802,0,0,48,0,3
803,803,0,0,48,0,3
804,804,0,0,48,0,3
805,805,0,0,48,0,3
806,806,0,0,48,0,3
807,807,0,0,48,0,3
808,808,0,0,48,0,3
809,809,0,0,48,0,3
810,810,0,0,48,0,3
811,811,0,0,48,0,3
812,812,0,0,48,0,3
813,813,0,0,48,0,3
814,814,0,0,48,0,3
815,815,0,0,48,0,3
816,816,0,0,48,0,3
817,817,0,0,48,0,3
818,818,0,0,48,0,3
819,819,0,0,48,0,3
820,820,0,0,48,0,3
821,821,0,0,48,0,3
822,822,0,0,48,0,3
823,823,0,0,48,0,3
824,824,0,0,48,0,3
825,825,0,0,48,0,3
826,826,0,0,48,0,3
827,827,0,0,48,0,3
828,828,0,0,48,0,3
829,829,0,0,48,0,3
830,830,0,0,48,0,3
831,831,0,0,48,0,3
832,832,0,0,48,0,3
833,833,0,0,48,0,3
834,834,0,0,48,0,3
835,835,0,0,48,0,3
836,836,0,0,48,0,3
837,837,0,0,48,0,3
838,838,0,0,48,0,3
839,839,0,0,48,0,3
840,840,0,0,48,0,3
841,841,0,0,48,0,3
842,842,0,0,48,0,3
843,843,0,0,48,0,3
844,844,0,0,48,0,3
845,845,0,0,48,0,3
846,846,0,0,48,0,3
847,847,0,0,48,0,3
848,848,0,0,48,0,3
849,849,0,0,48,0,3
850,850,0,0,48,0,3
851,851,0,0,48,0,3
852,852,0,0,48,0,3
853,853,0,0,48,0,3
854,854,0,0,48,0,3
855,855,0,0,48,0,3
856,856,0,0,48,0,3
857,857,0,0,48,0,3
858,858,0,0,48,0,3
859,859,0,0,48,0,3
860,860,0,0,48,0,3
861,861,0,0,48,0,3
862,862,0,0,48,0,3
863,863,0,0,48,0,3
864,864,0,0,48,0,3
865,865,0,0,48,0,3
866,866,0,0,48,0,3
867,867,0,0,48,0,3
868,868,0,0,48,0,3
869,869,0,0,48,0,3
870,870,0,0,48,0,3
871,871,0,0,48,0,3
872,872,0,0,48,0,3
873,873,0,0,48,0,3
874,874,0,0,48,0,3
875,875,0,0,48,0,3
876,876,0,0,48,0,3
877,877,0,0,48,0,3
878,878,0,0,48,0,3
879,879,0,0,48,0,3
880,880,0,0,48,0,3
881,881,0,0,48,0,3
882,882,0,0,48,0,3
883,883,0,0,48,0,3
884,884,0,0,48,0,3
885,885,0,0,48,0,3
886,886,0,0,48,0,3
887,887,0,0,48,0,3
888,888,0,0,48,0,3
889,889,0,0,48,0,3
890,890,0,0,48,0,3
891,891,0,0,48,0,3
892,892,0,0,48,0,3
893,893,0,0,48,0,3
894,894,0,0,48,0,3
895,895,0,0,48,0,3
896,896,0,0,48,0,3
897,897,0,0,48,0,3
898,898,0,0,48,0,3
899,899,0,0,48,0,3
900,900,0,0,48,0,3
901,901,0,0,48,0,3
902,902,0,0,48,0,3
903,903,0,0,48,0,3
904,904,0,0,48,0,3
905,905,0,0,48,0,3
906,906,0,0,48,0,3
907,907,0,0,48,0,3
908,908,0,0,48,0,3
909,909,0,0,48,0,3
910,910,0,0,48,0,3
911,911,0,0,48,0,3
912,912,0,0,48,0,3
913,913,0,0,48,0,3
914,914,0,0,48,0,3
915,915,0,0,48,0,3
916,916,0,0,48,0,3
917,917,0,0,48,0,3
918,918,0,0,48,0,3
919,919,0,0,48,0,3
920,920,0,0,48,0,3
921,921,0,0,48,0,3
922,922,0,0,48,0,3
923,923,0,0,48,0,3
924,924,0,0,48,0,3
925,925,0,0,48,0,3
926,926,0,0,48,0,3
927,927,0,0,48,0,3
928,928,0,0,48,0,3
929,929,0,0,48,0,3
930,930,0,0,48,0,3
931,931,0,0,48,0,3
932,932,0,0,48,0,3
933,933,0,0,48,0,3
934,934,0,0,48,0,3
935,935,0,0,48,0,3
936,936,0,0,48,0,3
937,937,0,0,48,0,3
938,938,0,0,48,0,3
939,939,0,0,48,0,3
940,940,0,0,48,0,3
941,941,0,0,48,0,3
942,942,0,0,48,0,3
943,943,0,0,48,0,3
944,944,0,0,48,0,3
945,945,0,0,48,0,3
946,946,0,0,48,0,3
947,947,0,0,48,0,3
948,948,0,0,48,0,3
949,949,0,0,48,0,3
950,950,0,0,48,0,3
951,951,0,0,48,0,3
952,952,0,0,48,0,3
953,953,0,0,48,0,3
954,954,0,0,48,0,3
955,955,0,0,48,0,3
956,956,0,0,48,0,3
957,957,0,0,48,0,3
958,958,0,0,48,0,3
959,959,0,0,48,0,3
960,960,0,0,48,0,3
961,961,0,0,48,0,3
962,962,0,0,48,0,3
963,963,0,0,48,0,3
964,964,0,0,48,0,3
965,965,0,0,48,0,3
966,966,0,0,48,0,3
967,967,0,0,48,0,3
968,968,0,0,48,0,3
969,969,0,0,48,0,3
970,970,0,0,48,0,3
971,971,0,0,48,0,3
972,972,0,0,48,0,3
973,973,0,0,48,0,3
974,974,0,0,48,0,3
975,975,0,0,48,0,3
976,976,0,0,48,0,3
977,977,0,0,48,0,3
978,978,0,0,48,0,3
979,979,0,0,48,0,3
980,980,0,0,48,0,3
981,981,0,0,48,0,3
982,982,0,0,48,0,3
983,983,0,0,48,0,3
984,984,0,0,48,0,3
985,985,0,0,48,0,3
986,986,0,0,48,0,3
987,987,0,0,48,0,3
988,988,0,0,48,0,3
989,989,0,0,48,0,3
990,990,0,0,48,0,3
991,991,0,0,48,0,3
992,992,0,0,48,0,3
993,993,0,0,48,0,3
994,994,0,0,48,0,3
995,995,0,0,48,0,3
996,996,0,0,48,0,3
997,997,0,0,48,0,3
998,998,0,0,48,0,3
999,999,0,0,48,0,3
1000,1000,0,0,48,0,3
1001,1001,0,0,48,0,3
1002,1002,0,0,48,0,3
1003,1003,0,0,48,0,3
1004,1004,0,0,48,0,3
1005,1005,0,0,48,0,3
1006,1006,0,0,48,0,3
1007,1007,0,0,48,0,3
1008,1008,0,0,48,0,3
1009,1009,0,0,48,0,3
1010,1010,0,0,48,0,3
1011,1011,0,0,48,0,3
1012,1012,0,0,48,0,3
1013,1013,0,0,48,0,3
1014,1014,0,0,48,0,3
1015,1015,0,0,48,0,3
1016,1016,0,0,48,0,3
1017,1017,0,0,48,0,3
1018,1018,0,0,48,0,3
1019,1019,0,0,48,0,3
1020,1020,0,0,48,0,3
1021,1021,0,0,48,0,3
1022,1022,0,0,48,0,3
1023,1023,0,0,48,0,3
